Tags,Create At,Text
,Thu Apr 01 10:49:30 +0000 2021,"Islamabad: 66 more children test positive for coronavirus in 24 hours

For More Details: https://t.co/1PcUlPe1z0

#ARYNews https://t.co/8jgbDWRp8v"
,Thu Apr 01 10:43:15 +0000 2021,"@elonmusk Dear sir, 
              I am from Pakistan and suffering from too much financial crises. Due to covid times I had the job issue all my savings gone during the period and I am under bank debit as well now bank is asking me for payback and I am penny less."
,Thu Apr 01 10:41:58 +0000 2021,"The provincial government notified a new set of restrictions and standard operating procedures (SOPs) for commercial, business and social activities, imposing a complete ban on indoor and outdoor marriage functions with effect from April 6 in view of the recent surge in Covid-19"
,Thu Apr 01 10:39:27 +0000 2021,@SaeedGhani1 Saeed bhai covid-19 on peak 5000 cases record yesterday i would to request youbpls shut down all schools and colleges atleast 15 days. Are we waiting for any disaster God forbid i know you are much concern regarding students of Karachi and sindh stay blessed.
,Thu Apr 01 10:37:22 +0000 2021,"Coronavirus India Live Updates: Vaccination drive on all days of April, including holidays https://t.co/vpMtFvu2Ke via @IndianExpress 

#officialncoc #ncocpakistan #coronavaccine #vaccination #india #pakistan #islamabad 

Things to learn from neighbors."
,Thu Apr 01 10:36:26 +0000 2021,"@ShaykShack Yes and no. Re-infections might be less severe for some due to immunity from 1st time contraction but covid impact from that 1st time contraction are also long term. If lungs are damaged from that, reinfection is really dangerous."
,Thu Apr 01 10:26:39 +0000 2021,".@Jhagra says decision to cover COVID-19 treatment taken to provide maximum relief to those suffering from the disease.

#GeoNews 

Read more: https://t.co/gfDG96khGR"
COVID19 ARYNews ,Thu Apr 01 10:25:51 +0000 2021,"Pakistan to receive 0.5 mln #COVID19 vaccines tonight: Asad Umar

#ARYNews 

https://t.co/8hdwn7fytM"
,Thu Apr 01 10:20:17 +0000 2021,".@Jhagra says decision to cover COVID-19 treatment taken to provide maximum relief to those suffering from the disease.

#GeoNews 

Read more: https://t.co/gfDG96khGR"
,Thu Apr 01 10:16:30 +0000 2021,If the govt is actually using covid vaccines to track people then they are going to find out that I have an extremely boring life
,Thu Apr 01 10:15:43 +0000 2021,"KARACHI, March 29: Former President @AAliZardari received the first dose of COVID-19 vaccine here today. https://t.co/Pq6nkOoI2v"
,Thu Apr 01 10:15:11 +0000 2021,"According to a report showing statistics from December 22, 2020, to March 30, 2021, 98 passengers who landed at the #Karachi airport from UK, South Africa and other countries tested positive for the COVID-19."
,Thu Apr 01 10:14:32 +0000 2021,"According to a report showing statistics from December 22, 2020, to March 30, 2021, 98 passengers who landed at the #Karachi airport from UK, South Africa and other countries tested positive for the COVID-19."
,Thu Apr 01 10:14:22 +0000 2021,"accine

Searle to prepare COVID-19 vaccine"
,Thu Apr 01 10:11:25 +0000 2021,Download to watch LIVE: https://t.co/9ABVwJmrhl Pakistan to receive 0.5 mln COVID-19 vaccines tonight: Asad Umar #Pak #Live #NEWS #Channel #ARYNewsLiveHD #Pakistan #WorldNews #OZOOTV #Android https://t.co/l3B7uPtBKK https://t.co/TEHolKcduc
,Thu Apr 01 10:07:14 +0000 2021,"The authorities concerned had released many detainees due to the COVID-19 emergency.

 But they did not release a single Shia missing person  !!

#€ÅŸÖÿßÿ±€í_Ÿæ€åÿßÿ±€í_⁄©€Åÿß⁄∫_€Å€å⁄∫ 
@tabbyeen"
Covid_19 Journalists FrontLineHeroes VaccinationCovid atCEJ ,Thu Apr 01 10:04:58 +0000 2021,"Have you voted yet? Let us know what you think. 
#Covid_19 #Journalists #FrontLineHeroes #VaccinationCovid #atCEJ #IBAKarachi https://t.co/OfleYjn8T0"
,Thu Apr 01 10:03:15 +0000 2021,".@Jhagra says decision to cover COVID-19 treatment taken to provide maximum relief to those suffering from the disease.

#GeoNews 

Read more: https://t.co/gfDG96khGR"
,Thu Apr 01 10:03:02 +0000 2021,".@Jhagra says decision to cover COVID-19 treatment taken to provide maximum relief to those suffering from the disease.

#GeoNews 

Read more: https://t.co/gfDG96khGR"
,Thu Apr 01 10:01:23 +0000 2021,"CanSinoBIO‚Äôs chief scientific officer says a second shot given to trial participants six months after their first injection could offer substantial protection against the virus

https://t.co/yEQGwrKvor"
COVID ARYNews ,Thu Apr 01 10:01:01 +0000 2021,"98 passengers landing at Karachi airport tested #COVID positive

#ARYNews 

https://t.co/ROPS116amS"
COVID19 ARYNews ,Thu Apr 01 09:56:35 +0000 2021,"Pakistan to receive 0.5 mln #COVID19 vaccines tonight: Asad Umar

#ARYNews 

https://t.co/8hdwn7fytM"
COVID19 ARYNews ,Thu Apr 01 09:56:06 +0000 2021,"Pakistan to receive 0.5 mln #COVID19 vaccines tonight: Asad Umar

#ARYNews 

https://t.co/8hdwn7fytM"
,Thu Apr 01 09:55:36 +0000 2021,"Prevention is better thn cure.
If cure not available thn prevention is cure.
Covid vaccine prevents &amp; help eradicate covid from the world. Pls opt it without hesitation. 
I opt it. https://t.co/Ox8VTz8SQe"
,Thu Apr 01 09:54:47 +0000 2021,".@Jhagra says decision to cover COVID-19 treatment taken to provide maximum relief to those suffering from the disease.

#GeoNews 

Read more: https://t.co/gfDG96khGR"
COVID19 ARYNews ,Thu Apr 01 09:53:43 +0000 2021,"Pakistan to receive 0.5 mln #COVID19 vaccines tonight: Asad Umar

#ARYNews 

https://t.co/8hdwn7fytM"
COVID19 ARYNews ,Thu Apr 01 09:52:56 +0000 2021,"Pakistan to receive 0.5 mln #COVID19 vaccines tonight: Asad Umar

#ARYNews 

https://t.co/8hdwn7fytM"
COVID19 ARYNews ,Thu Apr 01 09:52:42 +0000 2021,"Pakistan to receive 0.5 mln #COVID19 vaccines tonight: Asad Umar

#ARYNews 

https://t.co/8hdwn7fytM"
,Thu Apr 01 09:50:09 +0000 2021,"So naive of those who thought that the pandemic will change things for the better. Global  inequality is reflected in the vaccination roll-out, and effects of colonialism and imperialism apparent. Couple this with gross incompetence and its just a disaster https://t.co/nJ1bd47fhY"
,Thu Apr 01 09:46:30 +0000 2021,I am trying to mass protest about the requirement of GRE a) rising cases of Covid and testing centres being filled up because of Fulbright‚Äôs deadline as well
,Thu Apr 01 09:46:07 +0000 2021,@MaryamNSharif NAB is waiting you get well to call you if Covid subsides.
,Thu Apr 01 09:40:45 +0000 2021,"Islamabad: 66 more children test positive for coronavirus in 24 hours

For More Details: https://t.co/1PcUlPe1z0

#ARYNews https://t.co/8jgbDWRp8v"
,Thu Apr 01 09:35:02 +0000 2021,".@Jhagra says decision to cover COVID-19 treatment taken to provide maximum relief to those suffering from the disease.

#GeoNews 

Read more: https://t.co/gfDG96khGR"
,Thu Apr 01 09:33:45 +0000 2021,".@Jhagra says decision to cover COVID-19 treatment taken to provide maximum relief to those suffering from the disease.

#GeoNews 

Read more: https://t.co/gfDG96khGR"
,Thu Apr 01 09:18:45 +0000 2021,"The MS of Services hospital Lahore was suspended after 550 COVID-19 vaccine doses ‚Äòdisappeared‚Äô from the hospital

Another 350 vaccine doses were spoiled due to improper storage

Punjab CM Usman Buzdar has sought a detailed report on the incident

https://t.co/NtScXLRKKp"
,Thu Apr 01 09:15:24 +0000 2021,@Asad_Umar Covid be 1 bussiness hai
,Thu Apr 01 09:14:41 +0000 2021,"Please don‚Äôt lie, spread any fake news or false information on the pretext of April fool. The panic is real and many are depressed about Covid-19...! Thank you
#AprilFoolsDay 
#StopFakeNews 
#StaySafe"
,Thu Apr 01 09:13:19 +0000 2021,@BakhtawarBZ Where were you when your brother was organising jalsas when Covid threat was at its peak?
,Thu Apr 01 09:12:31 +0000 2021,"PARTLY FACETIOUS: Hafeez, too, tested positive for Covid-19 https://t.co/5mbqFpH87e"
ARYNews ,Thu Apr 01 09:11:52 +0000 2021,"Lahore hospital faces ‚Äòacute shortage‚Äô of doctors as over 110 staff contract Covid

#ARYNews 

https://t.co/JnWbhAlewN"
,Thu Apr 01 09:11:17 +0000 2021,"Islamabad: 66 more children test positive for coronavirus in 24 hours

For More Details: https://t.co/1PcUlPe1z0

#ARYNews https://t.co/8jgbDWRp8v"
Pak Live NEWS ,Thu Apr 01 09:11:11 +0000 2021,Download to watch LIVE: https://t.co/9ABVwJmrhl Six employees of CM House KP test COVID positive #Pak #Live #NEWS #Channel #ARYNewsLiveHD #Pakistan #WorldNews #OZOOTV #Android https://t.co/dLCENrnIJ5 https://t.co/Ji04hU0ZHs
ARYNews ,Thu Apr 01 09:11:10 +0000 2021,"Six employees of CM House KP test COVID positive

#ARYNews

https://t.co/gxWyNEFxs5"
,Thu Apr 01 09:11:06 +0000 2021,Download to watch LIVE: https://t.co/9ABVwJmrhl Tougher restrictions imposed in AJK‚Äôs Mirpur to curb virus spread #Pak #Live #NEWS #Channel #ARYNewsLiveHD #Pakistan #WorldNews #OZOOTV #Android https://t.co/cfdPQ8qJTH https://t.co/bQydC6zMKM
ARYNews ,Thu Apr 01 09:10:15 +0000 2021,"Lahore hospital faces ‚Äòacute shortage‚Äô of doctors as over 110 staff contract Covid

#ARYNews 

https://t.co/JnWbhAlewN"
,Thu Apr 01 09:08:41 +0000 2021,It's been a year and the world is still battling  Covid-19. https://t.co/5tAU54A6S3
ARYNews ,Thu Apr 01 09:08:13 +0000 2021,"Six employees of CM House KP test COVID positive

#ARYNews

https://t.co/gxWyNEFxs5"
ARYNews ,Thu Apr 01 09:07:38 +0000 2021,"Six employees of CM House KP test COVID positive

#ARYNews

https://t.co/gxWyNEFxs5"
ARYNews ,Thu Apr 01 09:05:25 +0000 2021,"Six employees of CM House KP test COVID positive

#ARYNews

https://t.co/gxWyNEFxs5"
,Thu Apr 01 09:03:58 +0000 2021,"Islamabad: 66 more children test positive for coronavirus in 24 hours

For More Details: https://t.co/1PcUlPe1z0

#ARYNews https://t.co/8jgbDWRp8v"
,Thu Apr 01 09:03:03 +0000 2021,"Punjab CM @UsmanAKBuzdar's press conference:

COVID-19 situation
-60 people died over 24 hrs
-275 critical
-22,624 tests done
-26,898 active cases
-2 new vaccine centres in Lahore, 1 more will be added"
,Thu Apr 01 09:02:50 +0000 2021,".@Jhagra says decision to cover COVID-19 treatment taken to provide maximum relief to those suffering from the disease.

#GeoNews 

Read more: https://t.co/gfDG96khGR"
,Thu Apr 01 09:02:17 +0000 2021,@ShaykShack Depends on how severe the infection was in the first place. Some lung fibrotic changes are permanent and may mean life long disability. Also read about Long COVID.
ARYNews ,Thu Apr 01 09:02:12 +0000 2021,"Six employees of CM House KP test COVID positive

#ARYNews

https://t.co/gxWyNEFxs5"
,Thu Apr 01 09:02:02 +0000 2021,"Islamabad: 66 more children test positive for coronavirus in 24 hours

For More Details: https://t.co/1PcUlPe1z0

#ARYNews https://t.co/8jgbDWRp8v"
Sindh coronavirus ,Thu Apr 01 09:00:24 +0000 2021,"BREAKING: #Sindh govt announced new restrictions to halt the spread of the #coronavirus amid third Covid wave - According to a notification, sindh govt imposed a complete ban on indoor/outdoor wedding ceremonies from April 6, the following measures will be taken:

#TOKAlert https://t.co/6tdHKlvAVU"
ARYNews ,Thu Apr 01 08:59:44 +0000 2021,"Sindh bans wedding ceremonies, reduces business timings

For More Details: https://t.co/uQnOM5dpVE

#ARYNews https://t.co/8NbMvJ6tUa"
,Thu Apr 01 08:58:51 +0000 2021,"Islamabad: 66 more children test positive for coronavirus in 24 hours

For More Details: https://t.co/1PcUlPe1z0

#ARYNews https://t.co/8jgbDWRp8v"
Sindh coronavirus ,Thu Apr 01 08:52:24 +0000 2021,"BREAKING: #Sindh govt announced new restrictions to halt the spread of the #coronavirus amid third Covid wave - According to a notification, sindh govt imposed a complete ban on indoor/outdoor wedding ceremonies from April 6, the following measures will be taken:

#TOKAlert https://t.co/6tdHKlvAVU"
,Thu Apr 01 08:51:29 +0000 2021,april fools to those who thought covid bas khatam hojayega
,Thu Apr 01 08:49:32 +0000 2021,"Islamabad: 66 more children test positive for coronavirus in 24 hours

For More Details: https://t.co/1PcUlPe1z0

#ARYNews https://t.co/8jgbDWRp8v"
,Thu Apr 01 08:49:12 +0000 2021,"Islamabad: 66 more children test positive for coronavirus in 24 hours

For More Details: https://t.co/1PcUlPe1z0

#ARYNews https://t.co/8jgbDWRp8v"
ARYNews ,Thu Apr 01 08:49:08 +0000 2021,"Lahore hospital faces ‚Äòacute shortage‚Äô of doctors as over 110 staff contract Covid

#ARYNews 

https://t.co/JnWbhAlewN"
,Thu Apr 01 08:48:55 +0000 2021,"Coronavirus has claimed 98 more lives in Pakistan during the past 24 hours, taking the overall death toll to 14,530

For More Details: https://t.co/hSBDk87qve

#ARYNews https://t.co/TePJ7hboUx"
,Thu Apr 01 08:48:07 +0000 2021,"People above 50 can now get themselves registered at 1166 to receive the code for vaccination.

The government initiated the registration of senior citizens for the vaccination program on February 15.
https://t.co/pXs7lOxgLS"
,Thu Apr 01 08:46:25 +0000 2021,New Covid safety guidelines https://t.co/I4P6jzbMY6
ARYNews ,Thu Apr 01 08:44:28 +0000 2021,"Lahore hospital faces ‚Äòacute shortage‚Äô of doctors as over 110 staff contract Covid

#ARYNews 

https://t.co/JnWbhAlewN"
ARYNews ,Thu Apr 01 08:42:22 +0000 2021,"Provinces given doses of Sinopham, CanSino COVID vaccines

#ARYNews 

https://t.co/YeLkNxr0GK"
COVID ARYNews ,Thu Apr 01 08:40:59 +0000 2021,"98 passengers landing at Karachi airport tested #COVID positive

#ARYNews 

https://t.co/ROPS116amS"
,Thu Apr 01 08:40:18 +0000 2021,"Islamabad: 66 more children test positive for coronavirus in 24 hours

For More Details: https://t.co/1PcUlPe1z0

#ARYNews https://t.co/8jgbDWRp8v"
,Thu Apr 01 08:39:27 +0000 2021,"Islamabad: 66 more children test positive for coronavirus in 24 hours

For More Details: https://t.co/1PcUlPe1z0

#ARYNews https://t.co/8jgbDWRp8v"
ARYNews ,Thu Apr 01 08:38:33 +0000 2021,"Tougher restrictions imposed in AJK‚Äôs Mirpur to curb virus spread

#ARYNews 

https://t.co/L6sLelAWul"
COVID ARYNews ,Thu Apr 01 08:37:09 +0000 2021,"98 passengers landing at Karachi airport tested #COVID positive

#ARYNews 

https://t.co/ROPS116amS"
,Thu Apr 01 08:36:12 +0000 2021,"Islamabad: 66 more children test positive for coronavirus in 24 hours

For More Details: https://t.co/1PcUlPe1z0

#ARYNews https://t.co/8jgbDWRp8v"
,Thu Apr 01 08:35:42 +0000 2021,Pfizer says its Covid-19 vaccine protects younger teens https://t.co/AlCRMN9NpV
,Thu Apr 01 08:33:26 +0000 2021,"Islamabad: 66 more children test positive for coronavirus in 24 hours

For More Details: https://t.co/1PcUlPe1z0

#ARYNews https://t.co/8jgbDWRp8v"
,Thu Apr 01 08:32:55 +0000 2021,Does anyone want to be my hopping partner next week? Yeah I know it's covid times but the shit is serious so pls raise your hand
,Thu Apr 01 08:32:16 +0000 2021,"Islamabad: 66 more children test positive for coronavirus in 24 hours

For More Details: https://t.co/1PcUlPe1z0

#ARYNews https://t.co/8jgbDWRp8v"
,Thu Apr 01 08:32:07 +0000 2021,"Islamabad: 66 more children test positive for coronavirus in 24 hours

For More Details: https://t.co/1PcUlPe1z0

#ARYNews https://t.co/8jgbDWRp8v"
,Thu Apr 01 08:30:51 +0000 2021,PHC moved for profit restriction on Covid vaccine sale https://t.co/HtUwCb1myj
,Thu Apr 01 08:30:08 +0000 2021,"Islamabad: 66 more children test positive for coronavirus in 24 hours

For More Details: https://t.co/1PcUlPe1z0

#ARYNews https://t.co/8jgbDWRp8v"
,Thu Apr 01 08:28:47 +0000 2021,"Islamabad: 66 more children test positive for coronavirus in 24 hours

For More Details: https://t.co/1PcUlPe1z0

#ARYNews https://t.co/8jgbDWRp8v"
COVID ARYNews ,Thu Apr 01 08:28:41 +0000 2021,"98 passengers landing at Karachi airport tested #COVID positive

#ARYNews 

https://t.co/ROPS116amS"
,Thu Apr 01 08:27:46 +0000 2021,"Islamabad: 66 more children test positive for coronavirus in 24 hours

For More Details: https://t.co/1PcUlPe1z0

#ARYNews https://t.co/8jgbDWRp8v"
,Thu Apr 01 08:27:40 +0000 2021,"Islamabad: 66 more children test positive for coronavirus in 24 hours

For More Details: https://t.co/1PcUlPe1z0

#ARYNews https://t.co/8jgbDWRp8v"
,Thu Apr 01 08:27:02 +0000 2021,"All people want peace, harmony, progress and above all, good health and the Covid 19 Vaccination available at the Arts Council Vaccination Center is just one such effort in that direction

Mustafa Qureshi | Legendary Film and Television Actor

#acpkhi #artscouncil #covid_19 https://t.co/aBiyZxRK2R"
,Thu Apr 01 08:25:06 +0000 2021,"New York opened up vaccines to anyone over age 30. TurboVax, a free tool to find appointments, saw traffic skyrocket.
https://t.co/RHyvCYSa5T"
COVID ARYNews ,Thu Apr 01 08:22:13 +0000 2021,"98 passengers landing at Karachi airport tested #COVID positive

#ARYNews 

https://t.co/ROPS116amS"
COVID ,Thu Apr 01 08:18:46 +0000 2021,Both my parents have tested positive for #COVID Kindly say a prayer for their good health and speedy recovery.
ARYNews ,Thu Apr 01 08:15:58 +0000 2021,"Lahore hospital faces ‚Äòacute shortage‚Äô of doctors as over 110 staff contract Covid

#ARYNews 

https://t.co/JnWbhAlewN"
COVID ARYNews ,Thu Apr 01 08:13:07 +0000 2021,"98 passengers landing at Karachi airport tested #COVID positive

#ARYNews 

https://t.co/ROPS116amS"
COVID ARYNews ,Thu Apr 01 08:13:06 +0000 2021,"98 passengers landing at Karachi airport tested #COVID positive

#ARYNews 

https://t.co/ROPS116amS"
COVID ARYNews ,Thu Apr 01 08:11:41 +0000 2021,"98 passengers landing at Karachi airport tested #COVID positive

#ARYNews 

https://t.co/ROPS116amS"
ARYNews ,Thu Apr 01 08:11:38 +0000 2021,"Lahore hospital faces ‚Äòacute shortage‚Äô of doctors as over 110 staff contract Covid

#ARYNews 

https://t.co/JnWbhAlewN"
Pak ,Thu Apr 01 08:11:21 +0000 2021,Download to watch LIVE: https://t.co/9ABVwJmrhl Covid Vaccination: Registration begins for people above 50 #Pak #Live #NEWS #Channel #ARYNewsLiveHD #Pakistan #WorldNews #OZOOTV #Android https://t.co/jnzYl1Xwu9 https://t.co/ftHFxqw0JO
,Thu Apr 01 08:11:19 +0000 2021,Download to watch LIVE: https://t.co/9ABVwJmrhl Lahore hospital faces ‚Äòacute shortage‚Äô of doctors as over 110 staff contract Covid #Pak #Live #NEWS #Channel #ARYNewsLiveHD #Pakistan #WorldNews #OZOOTV #Android https://t.co/jhYIiHnRYe https://t.co/RneWURnlqY
,Thu Apr 01 08:11:18 +0000 2021,Download to watch LIVE: https://t.co/9ABVwJmrhl Islamabad: 66 more children test positive for coronavirus in 24 hours #Pak #Live #NEWS #Channel #ARYNewsLiveHD #Pakistan #WorldNews #OZOOTV #Android https://t.co/s8R1ZD7Ply https://t.co/YwYbR8QlOg
Pak ,Thu Apr 01 08:11:17 +0000 2021,Download to watch LIVE: https://t.co/9ABVwJmrhl 98 passengers landing at Karachi airport tested COVID positive #Pak #Live #NEWS #Channel #ARYNewsLiveHD #Pakistan #WorldNews #OZOOTV #Android https://t.co/HNuSGjdPaZ https://t.co/BuCKZoeVb7
,Thu Apr 01 08:11:16 +0000 2021,Does anyone want to be my hopping partner next week? Yeah I know it's covid times but the shit is serious so pls raise your hand
ARYNews ,Thu Apr 01 08:07:16 +0000 2021,"Lahore hospital faces ‚Äòacute shortage‚Äô of doctors as over 110 staff contract Covid

#ARYNews 

https://t.co/JnWbhAlewN"
,Thu Apr 01 08:06:52 +0000 2021,"COVID is taking lives,crippling businesses,destroying education, increasing mental illness,dividing our world &amp; ripping families apart.I know my husband sent us to Oz to be safe but nothing makes me wish the end of COVID more than hearing our baby cry for her daddy every night üò¢"
coronavirus ,Thu Apr 01 08:04:14 +0000 2021,"Pakistan has opened registration for vaccination against the novel #coronavirus for people of 50 years and above

For More Details: https://t.co/hIPovyWIMA

#ARYNews https://t.co/5ksQ8PN9hi"
lockdown facemask ,Thu Apr 01 08:04:11 +0000 2021,"Mini Air Purifier with HEPA and UVC. 
starting at Rs.10,000.00
Visit üëâ https://t.co/MeigaOklKi 
#lockdown #facemask #khi #lhr #sanitizer #Covid #clean #new #Pakistan https://t.co/DqIbhP97kc"
,Thu Apr 01 08:03:08 +0000 2021,It's been a year and the world is still battling  Covid-19. https://t.co/5tAU54A6S3
TogetherForYemen ,Thu Apr 01 08:03:00 +0000 2021,"#TogetherForYemen
 ""As health workers, we try every day to talk to the patients about the danger of COVID-19, but very few understand it or are able to take the precautions."" https://t.co/dUDxYcpEqJ"
COVID„Éº19 ,Thu Apr 01 08:01:38 +0000 2021,How objectively biased our influencers are ! Miraculously  Pakistan rescues it self from the deadly #COVID„Éº19 1st wave and no credit to IK Govt no effect of #Ehsaas programs while during the 2nd wave covid is spread due to govt negligence. No miracles ? Hypocrites
COVID ARYNews ,Thu Apr 01 08:01:17 +0000 2021,"98 passengers landing at Karachi airport tested #COVID positive

#ARYNews 

https://t.co/ROPS116amS"
,Thu Apr 01 08:00:47 +0000 2021,It's been a year and the world is still battling  Covid-19. https://t.co/5tAU54A6S3
coronavirus ,Thu Apr 01 08:00:29 +0000 2021,"Pakistan has opened registration for vaccination against the novel #coronavirus for people of 50 years and above

For More Details: https://t.co/hIPovyWIMA

#ARYNews https://t.co/5ksQ8PN9hi"
coronavirus ,Thu Apr 01 08:00:24 +0000 2021,"Pakistan has opened registration for vaccination against the novel #coronavirus for people of 50 years and above

For More Details: https://t.co/hIPovyWIMA

#ARYNews https://t.co/5ksQ8PN9hi"
,Thu Apr 01 08:00:09 +0000 2021,"4,974 COVID cases reported in Pakistan during the last 24 hours making it the highest number of cases since June 19th, 2020."
AAAFM ,Thu Apr 01 08:00:08 +0000 2021,"DISINFECT YOUR HOMES, OFFICES, HOSPITALS SHOPPING MALLS, SHOPS &amp; INDUSTRIES FROM CORONAVIRUS &amp; STAY SAFE
#AAAFM #FacilityManagement #Karachi #Islamabad #Lahore #covidthirdwave #disinfecting #covid19 #covid19outbreak #corporatecultures #covid #healthyworkplace #CoronaVirusPakistan https://t.co/IXeZgt7ylB"
covid_third_wave aaafm karachi islamabad lahore disinfecting covid19 ,Thu Apr 01 07:59:35 +0000 2021,"#covid_third_wave

Coronavirus safety precautions.

#aaafm #karachi #islamabad #lahore #disinfecting #covid19 #covid19outbreak #corporatecultures #healthyworkplace #CoronaVirusPakistan #facilitymanagement #publichealth #safety #healthandsafety #workplacesafety #corona #covid https://t.co/a3LE47tyEe"
coronavirus ARYNews ,Thu Apr 01 07:58:38 +0000 2021,"Islamabad: 66 more children test positive for #coronavirus in 24 hours

#ARYNews 

https://t.co/em6yLxrhTw"
,Thu Apr 01 07:58:27 +0000 2021,It's been a year and the world is still battling  Covid-19. https://t.co/5tAU54A6S3
COVID ARYNews ,Thu Apr 01 07:56:46 +0000 2021,"98 passengers landing at Karachi airport tested #COVID positive

#ARYNews 

https://t.co/ROPS116amS"
,Thu Apr 01 07:55:24 +0000 2021,"It's been one year since the Pandemic started in Pakistan, and I think it's a fair statement to make that out of all the provinces of Pakistan, #SindhGovt has handled the COVID-19 crisis most efficiently. That's a fact. 

Good job, @SindhGovt1 üëè

#Pakistan"
ARYNews ,Thu Apr 01 07:55:21 +0000 2021,"Lahore hospital faces ‚Äòacute shortage‚Äô of doctors as over 110 staff contract Covid

#ARYNews 

https://t.co/JnWbhAlewN"
COVID ARYNews ,Thu Apr 01 07:48:24 +0000 2021,"98 passengers landing at Karachi airport tested #COVID positive

#ARYNews 

https://t.co/ROPS116amS"
,Thu Apr 01 07:46:10 +0000 2021,"The government of Sindh announced to ban wedding functions from April 6 to control the outbreak of the third Covid-19 wave. The notification reads that all markets, shopping malls and other businesses will work from 6am in the morning till 8pm.

#COVID19 #Sindh #Karachi #lockdown https://t.co/K3ZFcw9232"
ARYNews ,Thu Apr 01 07:44:53 +0000 2021,"Lahore hospital faces ‚Äòacute shortage‚Äô of doctors as over 110 staff contract Covid

#ARYNews 

https://t.co/JnWbhAlewN"
coronavirus ARYNews ,Thu Apr 01 07:42:40 +0000 2021,"Islamabad: 66 more children test positive for #coronavirus in 24 hours

#ARYNews 

https://t.co/em6yLxrhTw"
coronavirus ARYNews ,Thu Apr 01 07:42:30 +0000 2021,"Islamabad: 66 more children test positive for #coronavirus in 24 hours

#ARYNews 

https://t.co/em6yLxrhTw"
coronavirus ARYNews ,Thu Apr 01 07:41:25 +0000 2021,"Islamabad: 66 more children test positive for #coronavirus in 24 hours

#ARYNews 

https://t.co/em6yLxrhTw"
coronavirus ARYNews ,Thu Apr 01 07:41:10 +0000 2021,"Islamabad: 66 more children test positive for #coronavirus in 24 hours

#ARYNews 

https://t.co/em6yLxrhTw"
,Thu Apr 01 07:40:22 +0000 2021,".@Jhagra says decision to cover COVID-19 treatment taken to provide maximum relief to those suffering from the disease.

#GeoNews 

Read more: https://t.co/gfDG96khGR"
coronavirus ARYNews ,Thu Apr 01 07:39:49 +0000 2021,"Islamabad: 66 more children test positive for #coronavirus in 24 hours

#ARYNews 

https://t.co/em6yLxrhTw"
COVID ARYNews ,Thu Apr 01 07:39:29 +0000 2021,"98 passengers landing at Karachi airport tested #COVID positive

#ARYNews 

https://t.co/ROPS116amS"
COVID ARYNews ,Thu Apr 01 07:39:04 +0000 2021,"98 passengers landing at Karachi airport tested #COVID positive

#ARYNews 

https://t.co/ROPS116amS"
coronavirus ARYNews ,Thu Apr 01 07:38:58 +0000 2021,"Islamabad: 66 more children test positive for #coronavirus in 24 hours

#ARYNews 

https://t.co/em6yLxrhTw"
coronavirus ARYNews ,Thu Apr 01 07:38:52 +0000 2021,"Islamabad: 66 more children test positive for #coronavirus in 24 hours

#ARYNews 

https://t.co/em6yLxrhTw"
COVID ARYNews ,Thu Apr 01 07:38:46 +0000 2021,"98 passengers landing at Karachi airport tested #COVID positive

#ARYNews 

https://t.co/ROPS116amS"
COVID ARYNews ,Thu Apr 01 07:36:49 +0000 2021,"98 passengers landing at Karachi airport tested #COVID positive

#ARYNews 

https://t.co/ROPS116amS"
COVID ARYNews ,Thu Apr 01 07:33:12 +0000 2021,"98 passengers landing at Karachi airport tested #COVID positive

#ARYNews 

https://t.co/ROPS116amS"
COVID ARYNews ,Thu Apr 01 07:32:55 +0000 2021,"98 passengers landing at Karachi airport tested #COVID positive

#ARYNews 

https://t.co/ROPS116amS"
,Thu Apr 01 07:30:40 +0000 2021,@NiaziShamin April Fool's joke about Covid-19? REALLY?
,Thu Apr 01 07:26:24 +0000 2021,"Coronavirus has claimed 98 more lives in Pakistan during the past 24 hours, taking the overall death toll to 14,530

For More Details: https://t.co/hSBDk87qve

#ARYNews https://t.co/TePJ7hboUx"
covid_third_wave aaafm karachi islamabad lahore disinfecting covid19 ,Thu Apr 01 07:24:03 +0000 2021,"#covid_third_wave

Coronavirus safety precautions.

#aaafm #karachi #islamabad #lahore #disinfecting #covid19 #covid19outbreak #corporatecultures #healthyworkplace #CoronaVirusPakistan #facilitymanagement #publichealth #safety #healthandsafety #workplacesafety #corona #covid https://t.co/a3LE47tyEe"
MWLKarachi Covid_19 ,Thu Apr 01 07:23:29 +0000 2021,"Stop the 
Spread of Germs

#MWLKarachi 
#Covid_19 https://t.co/cljEI3Jc1x"
Pakistan ,Thu Apr 01 07:22:14 +0000 2021,"According to the latest government data, #Pakistan has reported the highest single-day toll since June 30 with 4,974 new COVID-19 cases in the last 24 hours. The alarming third wave of #COVID19 increased the countrywide death tally upto 14,530 with 98 more deaths. https://t.co/I4zmZlfmCk"
,Thu Apr 01 07:21:20 +0000 2021,@Shafqat_Mahmood Eve uae has canceled cambridge exams as students lives matters to them even though the Covid situation is not as bad as Pakistan but wonder why Pakistan is risking its students lives https://t.co/tHmHi84Eee
COVID„Éº19 ,Thu Apr 01 07:17:32 +0000 2021,How objectively biased our influencers are ! Miraculously  Pakistan rescues it self from the deadly #COVID„Éº19 1st wave and no credit to IK Govt no effect of #Ehsaas programs while during the 2nd wave covid is spread due to govt negligence. No miracles ? Hypocrites
,Thu Apr 01 07:16:45 +0000 2021,"In a bid to immunize the people against COVID-19 infection, the federal government has provided additional doses of coronavirus to the provinces, local media reported on Thursday.
https://t.co/zaZnJLYlvZ"
,Thu Apr 01 07:14:25 +0000 2021,"Coronavirus has claimed 98 more lives in Pakistan during the past 24 hours, taking the overall death toll to 14,530

For More Details: https://t.co/hSBDk87qve

#ARYNews https://t.co/TePJ7hboUx"
,Thu Apr 01 07:14:17 +0000 2021,".@Jhagra says decision to cover COVID-19 treatment taken to provide maximum relief to those suffering from the disease.

#GeoNews 

Read more: https://t.co/gfDG96khGR"
Pak ,Thu Apr 01 07:11:47 +0000 2021,"Download to watch LIVE: https://t.co/9ABVwJmrhl Provinces given doses of Sinopham, CanSino COVID vaccines #Pak #Live #NEWS #Channel #ARYNewsLiveHD #Pakistan #WorldNews #OZOOTV #Android https://t.co/slKvdmK4B4 https://t.co/C4DF219eJY"
,Thu Apr 01 07:09:18 +0000 2021,"@Asad_Umar Btw your planning about acquisition of Vaccines is poor to say the least. Its been  15 days since I registered my parents who are 60 and 61 respectively and still they have not been vaccinated. Now I am also covid +ve so parents are vulnerable.
 kaam kren tweet nahi!"
,Thu Apr 01 07:07:47 +0000 2021,My Covid-19 Patients Can't Get the Treatment They Need
ARYNews ,Thu Apr 01 07:07:39 +0000 2021,"Provinces given doses of Sinopham, CanSino COVID vaccines

#ARYNews 

https://t.co/YeLkNxr0GK"
,Thu Apr 01 07:05:41 +0000 2021,"More than 20 Students of Sir Syed university Karachi Sindh has Tested Positive Covid-19 
But University and Government is Not Taking any Action to Save Students Life They are Playing with Students life.
@omar_quraishi  @SaeedGhani1 @fatah_pak  @Shafqat_Mahmood 
@Asad_Umar https://t.co/mbxjbQs2eS"
,Thu Apr 01 07:00:00 +0000 2021,@asmashirazi Unemployment is dangerous than Covid üíî we lost so many precious lives!!
ARYNews ,Thu Apr 01 06:48:20 +0000 2021,"Provinces given doses of Sinopham, CanSino COVID vaccines

#ARYNews 

https://t.co/YeLkNxr0GK"
,Thu Apr 01 06:46:09 +0000 2021,"Ÿàÿßÿ≤ÿß ŸÖÿ±ÿ∂ÿ™ ŸÅ⁄æŸàÿß €åÿ¥ŸÅ€åŸÜ

ÿßŸàÿ± ÿ¨ÿ® ŸÖ€å⁄∫ ÿ®€åŸÖÿßÿ± €ÅŸàÿ™ÿß €ÅŸà⁄∫ ÿ™Ÿà Ÿà€Å€å ÿ¥ŸÅÿß ÿØ€åÿ™ÿß €Å€í

I have tested positive for Covid-19. May Allah have mercy on all Covid affectees. Had 1st dose of vaccineÿå but antibodies start developing after 2nd dose that was due in a week. Please continue to be careful."
,Thu Apr 01 06:41:44 +0000 2021,"Coronavirus has claimed 98 more lives in Pakistan during the past 24 hours, taking the overall death toll to 14,530

For More Details: https://t.co/hSBDk87qve

#ARYNews https://t.co/TePJ7hboUx"
ARYNews ,Thu Apr 01 06:41:30 +0000 2021,"Provinces given doses of Sinopham, CanSino COVID vaccines

#ARYNews 

https://t.co/YeLkNxr0GK"
ARYNews ,Thu Apr 01 06:40:25 +0000 2021,"Provinces given doses of Sinopham, CanSino COVID vaccines

#ARYNews 

https://t.co/YeLkNxr0GK"
ARYNews ,Thu Apr 01 06:39:36 +0000 2021,"Provinces given doses of Sinopham, CanSino COVID vaccines

#ARYNews 

https://t.co/YeLkNxr0GK"
,Thu Apr 01 06:38:43 +0000 2021,"FBR has achieved 46% revenue growth in Mar 21 due to both low base effect and revival/growth in economy. 
In Mar 20 FBR rev. declined 12% YoY (8MFY20 +17%). Adjusting covid, rev. for Mar 20 should have been Rs434bn. That said, adjusted revenue growth for‚Ä¶ https://t.co/2j73Gz4wu9"
,Thu Apr 01 06:38:04 +0000 2021,"@ANINewsUP I'm waiting for holi celebration gathering to be taught as a reason for covid spreading to students and general public just like tableeghi jamat is taught and told as a reason.

But guessing, this is much equality ain't possible in secular India."
,Thu Apr 01 06:34:33 +0000 2021,".@Jhagra says decision to cover COVID-19 treatment taken to provide maximum relief to those suffering from the disease.

#GeoNews 

Read more: https://t.co/gfDG96khGR"
,Thu Apr 01 06:32:44 +0000 2021,"@ShamaJunejo UK
Unemployment rose to 5% from 4.9% as Covid continued to hit the jobs market. Some 1.72M were jobless, D Office 4 National Statistics said, d highest level in five years. Dt was 418,000 more than in the same period the previous year, the biggest increase since late 2009.
USAüëá https://t.co/kKtDFCGBg8"
,Thu Apr 01 06:31:58 +0000 2021,"All people want peace, harmony, progress and above all, good health and the Covid 19 Vaccination available at the Arts Council Vaccination Center is just one such effort in that direction

Mustafa Qureshi | Legendary Film and Television Actor

#acpkhi #artscouncil #covid_19 https://t.co/aBiyZxRK2R"
,Thu Apr 01 06:27:46 +0000 2021,".@Jhagra says decision to cover COVID-19 treatment taken to provide maximum relief to those suffering from the disease.

#GeoNews 

Read more: https://t.co/gfDG96khGR"
,Thu Apr 01 06:25:09 +0000 2021,"All people want peace, harmony, progress and above all, good health and the Covid 19 Vaccination available at the Arts Council Vaccination Center is just one such effort in that direction

Mustafa Qureshi | Legendary Film and Television Actor

#acpkhi #artscouncil #covid_19 https://t.co/aBiyZxRK2R"
,Thu Apr 01 06:24:15 +0000 2021,".@Jhagra says decision to cover COVID-19 treatment taken to provide maximum relief to those suffering from the disease.

#GeoNews 

Read more: https://t.co/gfDG96khGR"
,Thu Apr 01 06:23:00 +0000 2021,"Coronavirus has claimed 98 more lives in Pakistan during the past 24 hours, taking the overall death toll to 14,530

For More Details: https://t.co/hSBDk87qve

#ARYNews https://t.co/TePJ7hboUx"
,Thu Apr 01 06:22:42 +0000 2021,"Coronavirus has claimed 98 more lives in Pakistan during the past 24 hours, taking the overall death toll to 14,530

For More Details: https://t.co/hSBDk87qve

#ARYNews https://t.co/TePJ7hboUx"
,Thu Apr 01 06:21:37 +0000 2021,"Coronavirus has claimed 98 more lives in Pakistan during the past 24 hours, taking the overall death toll to 14,530

For More Details: https://t.co/hSBDk87qve

#ARYNews https://t.co/TePJ7hboUx"
,Thu Apr 01 06:21:06 +0000 2021,"Pakistan has reported a relatively low number of cases of COVID-19, with more than 21,500 infections and nearly 500 deaths. ¬†#MyForcesMyBelief @TeamPakDefense https://t.co/N6i2xoxCzA"
,Thu Apr 01 06:20:57 +0000 2021,"Coronavirus has claimed 98 more lives in Pakistan during the past 24 hours, taking the overall death toll to 14,530

For More Details: https://t.co/hSBDk87qve

#ARYNews https://t.co/TePJ7hboUx"
,Thu Apr 01 06:20:52 +0000 2021,"Coronavirus has claimed 98 more lives in Pakistan during the past 24 hours, taking the overall death toll to 14,530

For More Details: https://t.co/hSBDk87qve

#ARYNews https://t.co/TePJ7hboUx"
,Thu Apr 01 06:18:13 +0000 2021,".@Jhagra says decision to cover COVID-19 treatment taken to provide maximum relief to those suffering from the disease.

#GeoNews 

Read more: https://t.co/gfDG96khGR"
Pakistan Covid_19 ,Thu Apr 01 06:12:18 +0000 2021,"1st April 21 #Pakistan #Covid_19 updates:
Total Tests in Last 24  Hours: 50,055
Positive Cases:  4974 Positivity % : 9.93%
Deaths : 98 
Via @OfficialNcoc"
Pakistan coronavirus ,Thu Apr 01 06:11:05 +0000 2021,"@1secalert: RT @NewsweekPak: #Pakistan reports 4,974 #coronavirus infections after conducting 50,055 tests.

In past 24 hours, 98 deaths have increased fatalities to 14,530, while recoveries have risen to 605,274. Of 53,127 active cases of COVID-19 natio‚Ä¶ https://t.co/8cXRnTr6Mo"
,Thu Apr 01 06:06:45 +0000 2021,For latest and detailed covid news and data please always check @omar_quraishi and @Benazir_Shah tweets they are much better than any news channels and govt websites info
,Thu Apr 01 06:05:07 +0000 2021,"Held ncoc meeting today with provincial chief secretaries &amp; reviewed the situation. Based on continuing increase in disease spread &amp; fast pace at which hospital fill up is taking place, particularly critical covid patients, decided to further tighten restrictions."
,Thu Apr 01 05:57:56 +0000 2021,".@Jhagra says decision to cover COVID-19 treatment taken to provide maximum relief to those suffering from the disease.

#GeoNews 

Read more: https://t.co/gfDG96khGR"
,Thu Apr 01 05:57:39 +0000 2021,".@Jhagra says decision to cover COVID-19 treatment taken to provide maximum relief to those suffering from the disease.

#GeoNews 

Read more: https://t.co/gfDG96khGR"
,Thu Apr 01 05:50:43 +0000 2021,"KARACHI, March 29: Former President @AAliZardari received the first dose of COVID-19 vaccine here today. https://t.co/Pq6nkOoI2v"
,Thu Apr 01 05:50:09 +0000 2021,"Pakistan reports 4,974 COVID-19 cases, highest single-day toll since June 20 https://t.co/zY8hz4iUBk"
WearAMask ,Thu Apr 01 05:48:30 +0000 2021,"COVID Pakistan in last 24 hours:
50055 Tests 
4974 Positive Cases
9.93% Positivity rate
98 Deaths
#WearAMask 
For God sake #WearAMask 
#CoronaVirusUpdates #Pakistan"
COVID ,Thu Apr 01 05:47:55 +0000 2021,"Heights of Responsiveness.. Salute to this child!
#COVID https://t.co/XfVHQbQAtV"
,Thu Apr 01 05:38:17 +0000 2021,".@Jhagra says decision to cover COVID-19 treatment taken to provide maximum relief to those suffering from the disease.

#GeoNews 

Read more: https://t.co/gfDG96khGR"
,Thu Apr 01 05:36:39 +0000 2021,It's been a year and the world is still battling  Covid-19. https://t.co/5tAU54A6S3
ARYNews ,Thu Apr 01 05:36:26 +0000 2021,"Sindh bans wedding ceremonies, reduces business timings
#ARYNews

https://t.co/1JmCjZyOOQ"
,Thu Apr 01 05:33:22 +0000 2021,"An unfortunate incident has come to light at Mozang Hospital in Lahore where 350 doses of vaccine imported to prevent the global pandemic have been wasted.

The hospital‚Äôs MS has been suspended following an inquiry into missing vaccines.

https://t.co/vxPPeTsD4I https://t.co/6IeMriPHE0"
,Thu Apr 01 05:30:15 +0000 2021,"EDITORIAL: The rest of the letter ‚Äî like Modi‚Äôs ‚Äî was pleasantries and supportive language regarding the other country‚Äôs efforts to tackle the Covid-19 coronavirus. 

For more: https://t.co/nlDGjlo2Q1
#etribune #TribuneOpinion #OpEd"
,Thu Apr 01 05:30:09 +0000 2021,"EDITORIAL: The rest of the letter ‚Äî like Modi‚Äôs ‚Äî was pleasantries and supportive language regarding the other country‚Äôs efforts to tackle the Covid-19 coronavirus. 

For more: https://t.co/nlDGjlo2Q1
#etribune #TribuneOpinion #OpEd"
,Thu Apr 01 05:30:02 +0000 2021,How to reduce spread of Covid-19? https://t.co/DTk986UieQ
Pakistan coronavirus ,Thu Apr 01 05:29:59 +0000 2021,"@1secalert: RT @NewsweekPak: #Pakistan reports 4,974 #coronavirus infections after conducting 50,055 tests.

In past 24 hours, 98 deaths have increased fatalities to 14,530, while recoveries have risen to 605,274. Of 53,127 active cases of COVID-19 natio‚Ä¶ https://t.co/8cXRnTr6Mo"
Pakistan Covid_19 ,Thu Apr 01 05:29:58 +0000 2021,"@1secalert: 1st April 21 #Pakistan #Covid_19 updates:
Total Tests in Last 24  Hours: 50,055
Positive Cases:  4974 Positivity % : 9.93%
Deaths : 98 
Via @OfficialNcoc"
,Thu Apr 01 05:29:15 +0000 2021,Covid-infected man trying to travel abroad from Lahore airport arrested https://t.co/tHHAQgcm4w
,Thu Apr 01 05:27:57 +0000 2021,"EDITORIAL: The rest of the letter ‚Äî like Modi‚Äôs ‚Äî was pleasantries and supportive language regarding the other country‚Äôs efforts to tackle the Covid-19 coronavirus. 

For more: https://t.co/nlDGjlo2Q1
#etribune #TribuneOpinion #OpEd"
Pakistan Covid_19 ,Thu Apr 01 05:25:53 +0000 2021,"1st April 21 #Pakistan #Covid_19 updates:
Total Tests in Last 24  Hours: 50,055
Positive Cases:  4974 Positivity % : 9.93%
Deaths : 98 
Via @OfficialNcoc"
,Thu Apr 01 05:21:15 +0000 2021,"Minister of Interior thanks Tableeghi Jamaat management for accepting his request to suspend the Ijtema 

Read more:  https://t.co/ieoSUmElpy

#TheNews #Islamabad"
ARYNews ,Thu Apr 01 05:16:25 +0000 2021,"Sindh bans wedding ceremonies, reduces business timings

For More Details: https://t.co/uQnOM5dpVE

#ARYNews https://t.co/8NbMvJ6tUa"
ARYNews ,Thu Apr 01 05:02:49 +0000 2021,"Sindh bans wedding ceremonies, reduces business timings

For More Details: https://t.co/uQnOM5dpVE

#ARYNews https://t.co/8NbMvJ6tUa"
ARYNews ,Thu Apr 01 05:02:18 +0000 2021,"Sindh bans wedding ceremonies, reduces business timings

For More Details: https://t.co/uQnOM5dpVE

#ARYNews https://t.co/8NbMvJ6tUa"
,Thu Apr 01 04:59:07 +0000 2021,"The new spending offensive comes soon after the US passed a nearly $2 trillion COVID-19 economic stimulus plan.

#GeoNews #JoeBiden #BuildBackBetter

Read more: https://t.co/wshTKg1WuU"
,Thu Apr 01 04:57:16 +0000 2021,"Held ncoc meeting today with provincial chief secretaries &amp; reviewed the situation. Based on continuing increase in disease spread &amp; fast pace at which hospital fill up is taking place, particularly critical covid patients, decided to further tighten restrictions."
